entry_date,exit_date,code,prob,actual,return,correct
2026-02-06,2026-02-11,007590,0.9476,1,0.01,1
2026-02-06,2026-02-11,023150,0.9054,1,0.01,1
2026-02-06,2026-02-11,006060,0.9037,1,0.01,1
2026-02-06,2026-02-11,014130,0.9023,1,0.01,1
2026-02-06,2026-02-11,024070,0.8886,1,0.01,1
2026-02-06,2026-02-11,004450,0.8881,1,0.01,1
2026-02-06,2026-02-11,002840,0.8859,1,0.061834,1
2026-02-06,2026-02-11,003920,0.8777,1,0.01,1
2026-02-06,2026-02-11,011330,0.8715,1,0.01,1
2026-02-06,2026-02-11,000480,0.8697,1,0.01,1
2026-02-06,2026-02-11,000080,0.8663,1,0.01,1
2026-02-06,2026-02-11,015260,0.8637,1,0.01,1
2026-02-06,2026-02-11,010040,0.8484,1,0.01,1
2026-02-06,2026-02-11,006890,0.8483,1,0.01,1
2026-02-06,2026-02-11,006370,0.8459,1,0.086,1
2026-02-06,2026-02-11,002070,0.8408,1,0.010619,1
2026-02-06,2026-02-11,003220,0.8398,1,0.01,1
2026-02-06,2026-02-11,002820,0.8363,1,0.041754,1
2026-02-06,2026-02-11,003030,0.8362,1,0.01,1
2026-02-06,2026-02-11,010640,0.8349,1,0.01,1
2026-02-06,2026-02-11,033250,0.8276,1,0.01,1
2026-02-06,2026-02-11,006840,0.8235,1,0.069767,1
2026-02-06,2026-02-11,014160,0.8167,1,0.01,1
2026-02-06,2026-02-11,009410,0.816,1,0.01,1
2026-02-06,2026-02-11,003230,0.8132,1,0.1,1
2026-02-06,2026-02-11,016580,0.8092,1,0.01,1
2026-02-06,2026-02-11,007310,0.804,1,0.01,1
2026-02-06,2026-02-11,017550,0.7974,1,0.01,1
2026-02-06,2026-02-11,004250,0.7923,1,0.01847,1
2026-02-06,2026-02-11,036420,0.7912,1,0.01,1
2026-02-06,2026-02-11,003060,0.7897,0,-0.031579,0
2026-02-06,2026-02-11,009580,0.7881,1,0.01,1
2026-02-06,2026-02-11,004430,0.7857,1,0.042623,1
2026-02-06,2026-02-11,001420,0.783,1,0.01,1
2026-02-06,2026-02-11,020560,0.7822,1,0.01,1
2026-02-06,2026-02-11,026940,0.7793,1,0.01,1
2026-02-06,2026-02-11,004910,0.7788,1,0.01,1
2026-02-06,2026-02-11,035150,0.7729,1,0.028422,1
2026-02-06,2026-02-11,051900,0.7729,1,0.038241,1
2026-02-06,2026-02-11,007280,0.7631,1,0.01,1
2026-02-06,2026-02-11,006200,0.7625,1,0.028232,1
2026-02-06,2026-02-11,001550,0.7596,1,0.114094,1
2026-02-06,2026-02-11,034120,0.758,1,0.01,1
2026-02-06,2026-02-11,007110,0.7559,0,-0.01,0
2026-02-06,2026-02-11,025750,0.7437,1,0.01,1
2026-02-06,2026-02-11,007210,0.7433,1,0.117916,1
2026-02-06,2026-02-11,009450,0.7427,1,0.050676,1
2026-02-06,2026-02-11,016880,0.7353,1,0.177928,1
2026-02-06,2026-02-11,005870,0.7318,0,-0.01,0
2026-02-06,2026-02-11,004490,0.7243,1,0.01,1
2026-02-06,2026-02-11,014910,0.7238,1,0.01,1
2026-02-06,2026-02-11,011070,0.7204,1,0.01,1
2026-02-06,2026-02-11,011090,0.7159,1,0.01,1
2026-02-06,2026-02-11,000140,0.7126,1,0.01,1
2026-02-06,2026-02-11,000210,0.7123,1,0.01,1
2026-02-06,2026-02-11,033270,0.7109,1,0.01,1
2026-02-06,2026-02-11,003680,0.7103,1,0.01,1
2026-02-06,2026-02-11,023000,0.7103,1,0.01,1
2026-02-06,2026-02-11,004370,0.7102,1,0.04881,1
2026-02-06,2026-02-11,016090,0.71,1,0.01,1
2026-02-06,2026-02-11,003830,0.7093,1,0.01,1
2026-02-06,2026-02-11,018250,0.7074,1,0.044562,1
2026-02-06,2026-02-11,005610,0.7064,1,0.01,1
2026-02-06,2026-02-11,012690,0.7053,1,0.01,1
2026-02-06,2026-02-11,021240,0.7011,1,0.102302,1
2026-02-06,2026-02-11,027410,0.7005,1,0.01,1
2026-02-06,2026-02-11,004920,0.6994,1,0.055856,1
2026-02-06,2026-02-11,003960,0.6989,1,0.028571,1
2026-02-06,2026-02-11,023350,0.6988,1,0.01,1
2026-02-06,2026-02-11,004540,0.6951,1,0.01,1
2026-02-06,2026-02-11,006740,0.6935,1,0.01,1
2026-02-06,2026-02-11,024110,0.6935,1,0.086957,1
2026-02-06,2026-02-11,002390,0.6929,1,0.01,1
2026-02-06,2026-02-11,006040,0.6896,1,0.01,1
2026-02-06,2026-02-11,034220,0.689,1,0.01,1
2026-02-06,2026-02-11,006360,0.6865,1,0.148613,1
2026-02-06,2026-02-11,006090,0.6861,1,0.01,1
2026-02-06,2026-02-11,005010,0.6857,1,0.01,1
2026-02-06,2026-02-11,035000,0.6837,1,0.01,1
2026-02-06,2026-02-11,003520,0.6833,1,0.01,1
2026-02-06,2026-02-11,009460,0.6824,0,-0.02277,0
2026-02-06,2026-02-11,000970,0.6801,1,0.01,1
2026-02-06,2026-02-11,000100,0.6795,1,0.01,1
2026-02-06,2026-02-11,024900,0.6739,1,0.01,1
2026-02-06,2026-02-11,035720,0.6737,1,0.01,1
2026-02-06,2026-02-11,002320,0.6727,1,0.01,1
2026-02-06,2026-02-11,015020,0.6708,0,-0.01,0
2026-02-06,2026-02-11,035250,0.6688,1,0.048615,1
2026-02-06,2026-02-11,000180,0.6677,1,0.01,1
2026-02-06,2026-02-11,011280,0.6674,1,0.01,1
2026-02-06,2026-02-11,051630,0.6666,1,0.01,1
2026-02-06,2026-02-11,004970,0.6652,1,0.01,1
2026-02-06,2026-02-11,012800,0.6609,1,0.01,1
2026-02-06,2026-02-11,011150,0.6591,1,0.01,1
2026-02-06,2026-02-11,036460,0.6553,1,0.033129,1
2026-02-06,2026-02-11,058850,0.653,1,0.03964,1
2026-02-06,2026-02-11,009180,0.652,1,0.01,1
2026-02-06,2026-02-11,003240,0.6502,1,0.0282,1
2026-02-06,2026-02-11,004360,0.6484,1,0.01,1
2026-02-06,2026-02-11,001780,0.6463,1,0.01,1
2026-02-06,2026-02-11,000040,0.6459,0,-0.01,0
2026-02-06,2026-02-11,001680,0.6457,1,0.01,1
2026-02-06,2026-02-11,005180,0.6449,1,0.01,1
2026-02-06,2026-02-11,000700,0.6437,1,0.01,1
2026-02-06,2026-02-11,031820,0.6402,1,0.026534,1
2026-02-06,2026-02-11,039130,0.6322,1,0.01,1
2026-02-06,2026-02-11,025560,0.632,1,0.194272,1
2026-02-06,2026-02-11,001230,0.6307,1,0.065421,1
2026-02-06,2026-02-11,011760,0.63,1,0.045175,1
2026-02-06,2026-02-11,002880,0.6256,1,0.01,1
2026-02-06,2026-02-11,001530,0.624,1,0.058111,1
2026-02-06,2026-02-11,004150,0.6217,1,0.01,1
2026-02-06,2026-02-11,003620,0.6216,1,0.01,1
2026-02-06,2026-02-11,004770,0.6207,1,0.01,1
2026-02-06,2026-02-11,007690,0.6195,1,0.01,1
2026-02-06,2026-02-11,036530,0.6184,1,0.077617,1
2026-02-06,2026-02-11,018500,0.6179,1,0.01,1
2026-02-06,2026-02-11,003070,0.6172,1,0.01,1
2026-02-06,2026-02-11,014530,0.6153,0,-0.01,0
2026-02-06,2026-02-11,015890,0.6148,1,0.01,1
2026-02-06,2026-02-11,002870,0.6145,1,0.079137,1
2026-02-06,2026-02-11,000400,0.6142,1,0.01,1
2026-02-06,2026-02-11,005420,0.6133,1,0.035421,1
2026-02-06,2026-02-11,034590,0.6122,1,0.01,1
2026-02-06,2026-02-11,002310,0.6107,1,0.129341,1
2026-02-06,2026-02-11,008260,0.6102,1,0.01,1
2026-02-06,2026-02-11,016800,0.6091,0,-0.01,0
2026-02-06,2026-02-11,001770,0.6091,0,-0.01,0
2026-02-06,2026-02-11,012160,0.6074,1,0.01,1
2026-02-06,2026-02-11,053210,0.6067,1,0.01,1
2026-02-06,2026-02-11,044820,0.6065,1,0.01,1
2026-02-06,2026-02-11,053690,0.6,1,0.057292,1
2026-02-06,2026-02-11,001500,0.5998,1,0.040087,1
2026-02-06,2026-02-11,012630,0.5979,1,0.107628,1
2026-02-06,2026-02-11,026960,0.5957,1,0.076923,1
2026-02-06,2026-02-11,025530,0.5925,1,0.01,1
2026-02-06,2026-02-11,004090,0.5924,1,0.020013,1
2026-02-06,2026-02-11,051910,0.5917,1,0.060855,1
2026-02-06,2026-02-11,016710,0.5876,1,0.05549,1
2026-02-06,2026-02-11,005720,0.5868,1,0.069124,1
2026-02-06,2026-02-11,013890,0.5839,1,0.01,1
2026-02-06,2026-02-11,031430,0.5828,1,0.042063,1
2026-02-06,2026-02-11,034830,0.579,1,0.072934,1
2026-02-06,2026-02-11,005250,0.5786,1,0.05496,1
2026-02-06,2026-02-11,011200,0.5784,1,0.047264,1
2026-02-06,2026-02-11,001630,0.577,1,0.042424,1
2026-02-06,2026-02-11,000640,0.5741,1,0.023474,1
2026-02-06,2026-02-11,000230,0.5741,1,0.01,1
2026-02-06,2026-02-11,037560,0.5735,1,0.01,1
2026-02-06,2026-02-11,008420,0.5715,1,0.01,1
2026-02-06,2026-02-11,004020,0.5712,1,0.105178,1
2026-02-06,2026-02-11,041650,0.5709,1,0.01,1
2026-02-06,2026-02-11,000220,0.5685,1,0.01,1
2026-02-06,2026-02-11,002960,0.5663,1,0.028637,1
2026-02-06,2026-02-11,005740,0.5627,1,0.01,1
2026-02-06,2026-02-11,024720,0.5622,1,0.01,1
2026-02-06,2026-02-11,005070,0.5616,1,0.03629,1
2026-02-06,2026-02-11,011300,0.5613,1,0.025575,1
2026-02-06,2026-02-11,005940,0.5607,1,0.01,1
2026-02-06,2026-02-11,030720,0.5595,1,0.01,1
2026-02-06,2026-02-11,020120,0.5587,1,0.01,1
2026-02-06,2026-02-11,003780,0.5575,1,0.01,1
2026-02-06,2026-02-11,002790,0.5573,1,0.146141,1
2026-02-06,2026-02-11,000320,0.5564,1,0.050218,1
2026-02-06,2026-02-11,001790,0.5547,1,0.01,1
2026-02-06,2026-02-11,008490,0.5546,1,0.01,1
2026-02-11,2026-02-19,014130,0.9239,0,-0.01,0
2026-02-11,2026-02-19,003060,0.9019,0,-0.158696,0
2026-02-11,2026-02-19,009200,0.8896,1,0.01,1
2026-02-11,2026-02-19,019680,0.8887,0,-0.01,0
2026-02-11,2026-02-19,004450,0.8776,1,0.01,1
2026-02-11,2026-02-19,039570,0.8711,1,0.01,1
2026-02-11,2026-02-19,007310,0.8594,1,0.01,1
2026-02-11,2026-02-19,002840,0.857,1,0.01,1
2026-02-11,2026-02-19,006370,0.8568,0,-0.038674,0
2026-02-11,2026-02-19,003920,0.8504,1,0.01,1
2026-02-11,2026-02-19,006740,0.8444,0,-0.01,0
2026-02-11,2026-02-19,005360,0.8423,1,0.01,1
2026-02-11,2026-02-19,011330,0.8375,0,-0.01,0
2026-02-11,2026-02-19,006490,0.8213,0,-0.01,0
2026-02-11,2026-02-19,000480,0.8137,1,0.022798,1
2026-02-11,2026-02-19,016580,0.8134,1,0.01,1
2026-02-11,2026-02-19,000890,0.8073,1,0.179177,1
2026-02-11,2026-02-19,003030,0.8044,1,0.01,1
2026-02-11,2026-02-19,004250,0.8042,1,0.01,1
2026-02-11,2026-02-19,006840,0.804,1,0.022947,1
2026-02-11,2026-02-19,002820,0.8019,0,-0.01,0
2026-02-11,2026-02-19,027970,0.7998,1,0.01,1
2026-02-11,2026-02-19,051630,0.7935,1,0.01,1
2026-02-11,2026-02-19,010640,0.788,1,0.01,1
2026-02-11,2026-02-19,025890,0.7836,0,-0.01,0
2026-02-11,2026-02-19,001420,0.7824,0,-0.072214,0
2026-02-11,2026-02-19,004890,0.7813,1,0.01,1
2026-02-11,2026-02-19,036420,0.7651,1,0.01,1
2026-02-11,2026-02-19,003520,0.7649,1,0.01,1
2026-02-11,2026-02-19,009190,0.7589,0,-0.041574,0
2026-02-11,2026-02-19,002630,0.7515,1,0.117864,1
2026-02-11,2026-02-19,007460,0.7505,0,-0.15873,0
2026-02-11,2026-02-19,027740,0.7472,1,0.01,1
2026-02-11,2026-02-19,015260,0.7463,0,-0.200441,0
2026-02-11,2026-02-19,001940,0.7458,1,0.059957,1
2026-02-11,2026-02-19,000100,0.744,1,0.01,1
2026-02-11,2026-02-19,006880,0.738,1,0.01,1
2026-02-11,2026-02-19,003300,0.7379,1,0.01,1
2026-02-11,2026-02-19,011090,0.7341,0,-0.01,0
2026-02-11,2026-02-19,035720,0.7329,0,-0.01,0
2026-02-11,2026-02-19,002360,0.7321,1,0.01,1
2026-02-11,2026-02-19,003240,0.7259,1,0.171941,1
2026-02-11,2026-02-19,009310,0.7231,0,-0.120075,0
2026-02-11,2026-02-19,009540,0.7225,1,0.083333,1
2026-02-11,2026-02-19,051900,0.7184,1,0.025783,1
2026-02-11,2026-02-19,004270,0.7142,0,-0.01,0
2026-02-11,2026-02-19,000020,0.7006,1,0.01,1
2026-02-11,2026-02-19,005180,0.6989,1,0.028015,1
2026-02-11,2026-02-19,009450,0.6952,1,0.083601,1
2026-02-11,2026-02-19,035250,0.6944,1,0.02965,1
2026-02-11,2026-02-19,004970,0.6937,1,0.01,1
2026-02-11,2026-02-19,014580,0.6895,1,0.01,1
2026-02-11,2026-02-19,012800,0.6873,1,0.01,1
2026-02-11,2026-02-19,004490,0.6747,1,0.01,1
2026-02-11,2026-02-19,001020,0.667,1,0.01,1
2026-02-11,2026-02-19,000140,0.6624,1,0.01,1
2026-02-11,2026-02-19,018250,0.6543,1,0.016631,1
2026-02-11,2026-02-19,015890,0.6536,1,0.022541,1
2026-02-11,2026-02-19,001680,0.6507,1,0.01,1
2026-02-11,2026-02-19,000210,0.6474,1,0.01,1
2026-02-11,2026-02-19,018500,0.645,1,0.01,1
2026-02-11,2026-02-19,016710,0.6387,1,0.017897,1
2026-02-11,2026-02-19,033270,0.6385,1,0.01,1
2026-02-11,2026-02-19,005250,0.636,1,0.01,1
2026-02-11,2026-02-19,008260,0.6346,1,0.01,1
2026-02-11,2026-02-19,014990,0.6343,1,0.075383,1
2026-02-11,2026-02-19,008600,0.6341,0,-0.073788,0
2026-02-11,2026-02-19,009180,0.6305,1,0.020443,1
2026-02-11,2026-02-19,004020,0.6279,1,0.020498,1
2026-02-11,2026-02-19,011790,0.6276,1,0.01,1
2026-02-11,2026-02-19,000650,0.6269,0,-0.020583,0
2026-02-11,2026-02-19,003490,0.625,1,0.01,1
2026-02-11,2026-02-19,000040,0.624,0,-0.01,0
2026-02-11,2026-02-19,003830,0.6221,1,0.01,1
2026-02-11,2026-02-19,007120,0.6207,1,0.01,1
2026-02-11,2026-02-19,051910,0.6199,1,0.01,1
2026-02-11,2026-02-19,001130,0.6187,1,0.056694,1
2026-02-11,2026-02-19,001230,0.6163,1,0.082707,1
2026-02-11,2026-02-19,036530,0.6161,1,0.117253,1
2026-02-11,2026-02-19,003620,0.6149,1,0.07721,1
2026-02-11,2026-02-19,011760,0.6145,1,0.070727,1
2026-02-11,2026-02-19,011390,0.6133,1,0.01,1
2026-02-11,2026-02-19,000230,0.6133,1,0.01,1
2026-02-11,2026-02-19,011230,0.6119,0,-0.01,0
2026-02-11,2026-02-19,005820,0.6114,1,0.01,1
2026-02-11,2026-02-19,036460,0.6032,1,0.017815,1
2026-02-11,2026-02-19,053690,0.6024,1,0.01,1
2026-02-11,2026-02-19,005420,0.6023,1,0.058644,1
2026-02-11,2026-02-19,001530,0.5982,1,0.01,1
2026-02-11,2026-02-19,025530,0.5975,1,0.01,1
2026-02-11,2026-02-19,005010,0.5958,1,0.01,1
2026-02-11,2026-02-19,000700,0.5936,1,0.01,1
2026-02-11,2026-02-19,001560,0.5935,1,0.01,1
2026-02-11,2026-02-19,004370,0.5917,1,0.01,1
2026-02-11,2026-02-19,006120,0.5917,1,0.01,1
2026-02-11,2026-02-19,014530,0.5909,1,0.01,1
2026-02-11,2026-02-19,006090,0.5882,1,0.01,1
2026-02-11,2026-02-19,018670,0.5878,1,0.060538,1
2026-02-11,2026-02-19,011200,0.5854,1,0.078385,1
2026-02-11,2026-02-19,009270,0.585,1,0.01,1
2026-02-11,2026-02-19,018470,0.5814,1,0.01,1
2026-02-11,2026-02-19,001260,0.58,1,0.01,1
2026-02-11,2026-02-19,005430,0.5799,0,-0.034435,0
2026-02-11,2026-02-19,044820,0.5793,1,0.041912,1
2026-02-11,2026-02-19,021240,0.5793,1,0.025522,1
2026-02-11,2026-02-19,004720,0.5759,0,-0.01,0
2026-02-11,2026-02-19,004410,0.5759,1,0.15894,1
2026-02-11,2026-02-19,034220,0.5755,1,0.01,1
2026-02-11,2026-02-19,006040,0.5706,1,0.01,1
2026-02-11,2026-02-19,011000,0.5665,0,-0.120267,0
2026-02-11,2026-02-19,001290,0.5661,1,0.600817,1
2026-02-11,2026-02-19,000400,0.5661,1,0.083055,1
2026-02-11,2026-02-19,058850,0.5637,0,-0.02253,0
2026-02-11,2026-02-19,002420,0.5631,1,0.01,1
2026-02-11,2026-02-19,014910,0.563,0,-0.01,0
2026-02-11,2026-02-19,003570,0.5619,1,0.01,1
2026-02-11,2026-02-19,016380,0.5592,1,0.032534,1
2026-02-11,2026-02-19,004150,0.5553,1,0.065449,1
2026-02-11,2026-02-19,004710,0.5539,1,0.01,1
2026-02-11,2026-02-19,024110,0.5538,1,0.064,1
2026-02-19,2026-02-24,004450,0.9299,1,0.01,1
2026-02-19,2026-02-24,007590,0.9164,1,0.01,1
2026-02-19,2026-02-24,023150,0.9157,0,-0.01,0
2026-02-19,2026-02-24,014130,0.893,1,0.01,1
2026-02-19,2026-02-24,003060,0.8833,1,0.054264,1
2026-02-19,2026-02-24,001420,0.8723,1,0.01,1
2026-02-19,2026-02-24,001020,0.87,1,0.130872,1
2026-02-19,2026-02-24,006570,0.8611,1,0.01,1
2026-02-19,2026-02-24,003920,0.8521,1,0.01,1
2026-02-19,2026-02-24,024070,0.8506,1,0.01,1
2026-02-19,2026-02-24,006060,0.8313,1,0.01,1
2026-02-19,2026-02-24,006740,0.8286,0,-0.075377,0
2026-02-19,2026-02-24,016580,0.8262,1,0.01,1
2026-02-19,2026-02-24,007460,0.8223,1,0.144654,1
2026-02-19,2026-02-24,024900,0.8213,1,0.01,1
2026-02-19,2026-02-24,002840,0.8167,1,0.01,1
2026-02-19,2026-02-24,002140,0.8108,1,0.01,1
2026-02-19,2026-02-24,011330,0.8063,0,-0.01,0
2026-02-19,2026-02-24,003580,0.7923,0,-0.032864,0
2026-02-19,2026-02-24,015260,0.7891,1,0.650138,1
2026-02-19,2026-02-24,027970,0.7889,1,0.01,1
2026-02-19,2026-02-24,002070,0.7862,1,0.01,1
2026-02-19,2026-02-24,015020,0.779,0,-0.119923,0
2026-02-19,2026-02-24,009580,0.7764,1,0.01,1
2026-02-19,2026-02-24,033250,0.7746,1,0.01,1
2026-02-19,2026-02-24,004080,0.7703,1,0.01,1
2026-02-19,2026-02-24,016800,0.7684,1,0.01,1
2026-02-19,2026-02-24,027740,0.7661,1,0.02164,1
2026-02-19,2026-02-24,006200,0.7622,1,0.01,1
2026-02-19,2026-02-24,006370,0.759,0,-0.01,0
2026-02-19,2026-02-24,003520,0.7578,1,0.01,1
2026-02-19,2026-02-24,004250,0.7526,1,0.01,1
2026-02-19,2026-02-24,000020,0.7392,1,0.01,1
2026-02-19,2026-02-24,041650,0.7323,1,0.01,1
2026-02-19,2026-02-24,007310,0.7317,1,0.01,1
2026-02-19,2026-02-24,011230,0.7276,1,0.01,1
2026-02-19,2026-02-24,035250,0.7177,1,0.01,1
2026-02-19,2026-02-24,000140,0.7151,1,0.01,1
2026-02-19,2026-02-24,001210,0.7066,1,0.088506,1
2026-02-19,2026-02-24,011000,0.6985,0,-0.16962,0
2026-02-19,2026-02-24,000480,0.6974,1,0.01,1
2026-02-19,2026-02-24,006840,0.6923,1,0.01,1
2026-02-19,2026-02-24,004540,0.6891,1,0.01,1
2026-02-19,2026-02-24,034220,0.689,1,0.144951,1
2026-02-19,2026-02-24,004270,0.6837,1,0.01,1
2026-02-19,2026-02-24,002820,0.681,0,-0.01,0
2026-02-19,2026-02-24,000650,0.6806,0,-0.021016,0
2026-02-19,2026-02-24,009410,0.6736,1,0.116173,1
2026-02-19,2026-02-24,051630,0.6697,0,-0.023301,0
2026-02-19,2026-02-24,009200,0.6667,1,0.01,1
2026-02-19,2026-02-24,018250,0.6646,1,0.280228,1
2026-02-19,2026-02-24,036460,0.6601,1,0.032672,1
2026-02-19,2026-02-24,011070,0.6593,1,0.092885,1
2026-02-19,2026-02-24,003230,0.659,1,0.01,1
2026-02-19,2026-02-24,002390,0.6536,1,0.01,1
2026-02-19,2026-02-24,004970,0.6521,1,0.01,1
2026-02-19,2026-02-24,001680,0.6507,1,0.01,1
2026-02-19,2026-02-24,002790,0.6505,0,-0.045845,0
2026-02-19,2026-02-24,004430,0.6496,1,0.01,1
2026-02-19,2026-02-24,009540,0.6472,1,0.08284,1
2026-02-19,2026-02-24,007660,0.6453,1,0.100295,1
2026-02-19,2026-02-24,004720,0.6409,1,0.01,1
2026-02-19,2026-02-24,005180,0.6373,1,0.024882,1
2026-02-19,2026-02-24,014830,0.6368,1,0.01,1
2026-02-19,2026-02-24,005320,0.636,1,0.245327,1
2026-02-19,2026-02-24,004490,0.6293,1,0.01,1
2026-02-19,2026-02-24,011300,0.6272,1,0.15625,1
2026-02-19,2026-02-24,002450,0.6256,1,0.019119,1
2026-02-19,2026-02-24,000230,0.623,1,0.01598,1
2026-02-19,2026-02-24,018670,0.6224,1,0.038055,1
2026-02-19,2026-02-24,004410,0.6216,1,0.325714,1
2026-02-19,2026-02-24,021050,0.6212,1,0.056664,1
2026-02-19,2026-02-24,024090,0.6196,1,0.01,1
2026-02-19,2026-02-24,008420,0.6193,1,0.01,1
2026-02-19,2026-02-24,001770,0.619,0,-0.01,0
2026-02-19,2026-02-24,012800,0.6186,1,0.01,1
2026-02-19,2026-02-24,051900,0.614,0,-0.01,0
2026-02-19,2026-02-24,036530,0.6115,0,-0.013493,0
2026-02-19,2026-02-24,006880,0.6073,1,0.01,1
2026-02-19,2026-02-24,001130,0.6063,1,0.01,1
2026-02-19,2026-02-24,016450,0.6055,1,0.01,1
2026-02-19,2026-02-24,003300,0.6051,1,0.025841,1
2026-02-19,2026-02-24,033270,0.6036,1,0.01,1
2026-02-19,2026-02-24,015890,0.6023,1,0.01,1
2026-02-19,2026-02-24,011760,0.5991,1,0.042202,1
2026-02-19,2026-02-24,009180,0.5984,1,0.01,1
2026-02-19,2026-02-24,004020,0.5981,1,0.057389,1
2026-02-19,2026-02-24,044820,0.5926,1,0.01,1
2026-02-19,2026-02-24,003570,0.5901,1,0.01,1
2026-02-19,2026-02-24,058850,0.586,1,0.01,1
2026-02-19,2026-02-24,000640,0.5859,1,0.01,1
2026-02-19,2026-02-24,026960,0.5845,1,0.026316,1
2026-02-19,2026-02-24,009460,0.5797,1,0.087719,1
2026-02-19,2026-02-24,014530,0.5763,1,0.01,1
2026-02-19,2026-02-24,000400,0.5752,1,0.227483,1
2026-02-19,2026-02-24,023810,0.5751,1,0.01,1
2026-02-19,2026-02-24,006040,0.5724,1,0.01,1
2026-02-19,2026-02-24,004360,0.5698,1,0.01,1
2026-02-19,2026-02-24,017550,0.5681,1,0.119074,1
2026-02-19,2026-02-24,016880,0.5648,1,0.029851,1
2026-02-19,2026-02-24,053690,0.5622,1,0.01,1
2026-02-19,2026-02-24,008490,0.561,0,-0.01,0
2026-02-19,2026-02-24,025530,0.5546,1,0.01,1
2026-02-19,2026-02-24,000970,0.5526,1,0.01,1
2026-02-19,2026-02-24,025750,0.5524,1,0.01,1
2026-02-19,2026-02-24,005010,0.5516,0,-0.01,0
2026-02-19,2026-02-24,001260,0.5512,1,0.01,1
2026-02-24,2026-02-27,006740,0.9174,0,-0.173913,0
2026-02-24,2026-02-27,023150,0.917,0,-0.01,0
2026-02-24,2026-02-27,014130,0.9087,1,0.033043,1
2026-02-24,2026-02-27,001420,0.9022,0,-0.01,0
2026-02-24,2026-02-27,009310,0.8801,1,0.698925,1
2026-02-24,2026-02-27,004450,0.866,0,-0.01,0
2026-02-24,2026-02-27,003060,0.8565,0,-0.196078,0
2026-02-24,2026-02-27,006490,0.8554,0,-0.01,0
2026-02-24,2026-02-27,007460,0.8523,0,-0.282051,0
2026-02-24,2026-02-27,003030,0.8514,0,-0.01,0
2026-02-24,2026-02-27,003520,0.849,0,-0.035971,0
2026-02-24,2026-02-27,036420,0.8474,0,-0.01,0
2026-02-24,2026-02-27,015020,0.842,1,0.037363,1
2026-02-24,2026-02-27,008870,0.8359,0,-0.01,0
2026-02-24,2026-02-27,006370,0.8249,0,-0.01,0
2026-02-24,2026-02-27,006570,0.8234,0,-0.01,0
2026-02-24,2026-02-27,000080,0.8234,0,-0.01,0
2026-02-24,2026-02-27,011000,0.8197,0,-0.07622,0
2026-02-24,2026-02-27,005360,0.8074,0,-0.01,0
2026-02-24,2026-02-27,014160,0.7604,0,-0.01,0
2026-02-24,2026-02-27,003580,0.7569,0,-0.01,0
2026-02-24,2026-02-27,035720,0.7562,1,0.01,1
2026-02-24,2026-02-27,012200,0.7539,1,0.29745,1
2026-02-24,2026-02-27,010640,0.7525,0,-0.01,0
2026-02-24,2026-02-27,033250,0.748,0,-0.01,0
2026-02-24,2026-02-27,018470,0.747,0,-0.01,0
2026-02-24,2026-02-27,035250,0.7422,0,-0.01,0
2026-02-24,2026-02-27,002840,0.7254,0,-0.081659,0
2026-02-24,2026-02-27,026940,0.7205,0,-0.01,0
2026-02-24,2026-02-27,003080,0.7155,0,-0.01,0
2026-02-24,2026-02-27,024890,0.712,1,0.01,1
2026-02-24,2026-02-27,039570,0.7114,0,-0.01,0
2026-02-24,2026-02-27,009460,0.7042,0,-0.01,0
2026-02-24,2026-02-27,011090,0.7037,0,-0.039526,0
2026-02-24,2026-02-27,008250,0.6995,0,-0.086813,0
2026-02-24,2026-02-27,006890,0.6994,0,-0.01,0
2026-02-24,2026-02-27,025890,0.6968,0,-0.01,0
2026-02-24,2026-02-27,003920,0.6963,0,-0.01,0
2026-02-24,2026-02-27,004890,0.6935,0,-0.01,0
2026-02-24,2026-02-27,002070,0.6901,0,-0.01,0
2026-02-24,2026-02-27,047400,0.6816,0,-0.01,0
2026-02-24,2026-02-27,009190,0.6787,0,-0.057345,0
2026-02-24,2026-02-27,000650,0.6743,0,-0.0322,0
2026-02-24,2026-02-27,000140,0.6693,0,-0.01,0
2026-02-24,2026-02-27,000100,0.6678,0,-0.01,0
2026-02-24,2026-02-27,012690,0.6592,0,-0.01,0
2026-02-24,2026-02-27,021240,0.6583,0,-0.01,0
2026-02-24,2026-02-27,051630,0.6545,0,-0.053678,0
2026-02-24,2026-02-27,007280,0.6535,0,-0.01,0
2026-02-24,2026-02-27,003570,0.6504,0,-0.01,0
2026-02-24,2026-02-27,007660,0.6503,1,0.140304,1
2026-02-24,2026-02-27,058850,0.6465,0,-0.01,0
2026-02-24,2026-02-27,027970,0.6384,1,0.035936,1
2026-02-24,2026-02-27,007310,0.6367,0,-0.01,0
2026-02-24,2026-02-27,000040,0.6334,0,-0.034146,0
2026-02-24,2026-02-27,010580,0.6283,0,-0.01,0
2026-02-24,2026-02-27,002710,0.627,0,-0.01,0
2026-02-24,2026-02-27,004540,0.6228,1,0.076803,1
2026-02-24,2026-02-27,005180,0.6223,0,-0.053179,0
2026-02-24,2026-02-27,005420,0.6187,0,-0.01,0
2026-02-24,2026-02-27,011230,0.6172,0,-0.01,0
2026-02-24,2026-02-27,037560,0.6151,0,-0.024048,0
2026-02-24,2026-02-27,023450,0.6118,0,-0.01,0
2026-02-24,2026-02-27,004920,0.6086,0,-0.01,0
2026-02-24,2026-02-27,036530,0.6081,0,-0.047112,0
2026-02-24,2026-02-27,016710,0.608,0,-0.01,0
2026-02-24,2026-02-27,001780,0.6066,0,-0.01,0
2026-02-24,2026-02-27,025750,0.6047,0,-0.017268,0
2026-02-24,2026-02-27,009810,0.5996,0,-0.01,0
2026-02-24,2026-02-27,006200,0.5994,0,-0.01,0
2026-02-24,2026-02-27,006840,0.5873,0,-0.01,0
2026-02-24,2026-02-27,003220,0.5867,0,-0.01,0
2026-02-24,2026-02-27,053690,0.5843,0,-0.01,0
2026-02-24,2026-02-27,005610,0.5841,1,0.01,1
2026-02-24,2026-02-27,001940,0.5837,1,0.01,1
2026-02-24,2026-02-27,031430,0.5795,1,0.01,1
2026-02-24,2026-02-27,002880,0.5789,0,-0.01,0
2026-02-24,2026-02-27,001680,0.5786,0,-0.054393,0
2026-02-24,2026-02-27,044380,0.5745,0,-0.01,0
2026-02-24,2026-02-27,003780,0.5665,0,-0.07413,0
2026-02-24,2026-02-27,004720,0.5626,0,-0.061005,0
2026-02-24,2026-02-27,008600,0.5568,0,-0.099936,0
2026-02-24,2026-02-27,036460,0.5566,0,-0.068927,0
2026-02-24,2026-02-27,000230,0.5561,0,-0.044702,0
2026-02-24,2026-02-27,008350,0.5559,0,-0.01,0
2026-02-24,2026-02-27,004490,0.5526,0,-0.01,0
2026-02-24,2026-02-27,006880,0.5518,0,-0.01,0
2026-02-24,2026-02-27,008700,0.5514,0,-0.01,0
2026-02-27,2026-03-05,011330,0.9264,0,-0.34632,0
2026-02-27,2026-03-05,019680,0.9245,0,-0.01,0
2026-02-27,2026-03-05,001420,0.9243,0,-0.049404,0
2026-02-27,2026-03-05,023150,0.9095,0,-0.01,0
2026-02-27,2026-03-05,006370,0.9065,0,-0.102669,0
2026-02-27,2026-03-05,006490,0.9004,1,0.01,1
2026-02-27,2026-03-05,006740,0.8944,0,-0.128289,0
2026-02-27,2026-03-05,036420,0.88,0,-0.01,0
2026-02-27,2026-03-05,002820,0.8581,0,-0.01,0
2026-02-27,2026-03-05,007460,0.8492,0,-0.107143,0
2026-02-27,2026-03-05,011000,0.8468,0,-0.09571,0
2026-02-27,2026-03-05,002220,0.846,0,-0.041225,0
2026-02-27,2026-03-05,007590,0.8448,0,-0.01,0
2026-02-27,2026-03-05,004250,0.8346,0,-0.01,0
2026-02-27,2026-03-05,002840,0.8308,0,-0.016231,0
2026-02-27,2026-03-05,014910,0.8306,0,-0.055618,0
2026-02-27,2026-03-05,000080,0.829,0,-0.059651,0
2026-02-27,2026-03-05,003220,0.8283,0,-0.01,0
2026-02-27,2026-03-05,003920,0.8253,0,-0.044204,0
2026-02-27,2026-03-05,016880,0.8247,0,-0.057075,0
2026-02-27,2026-03-05,015020,0.8134,0,-0.050847,0
2026-02-27,2026-03-05,004890,0.8091,0,-0.01,0
2026-02-27,2026-03-05,008870,0.809,0,-0.01,0
2026-02-27,2026-03-05,003030,0.8082,0,-0.112676,0
2026-02-27,2026-03-05,034120,0.8053,0,-0.01,0
2026-02-27,2026-03-05,008250,0.793,0,-0.097473,0
2026-02-27,2026-03-05,014130,0.7803,0,-0.053872,0
2026-02-27,2026-03-05,013890,0.7751,0,-0.01,0
2026-02-27,2026-03-05,033250,0.7707,0,-0.01,0
2026-02-27,2026-03-05,014160,0.7512,0,-0.05293,0
2026-02-27,2026-03-05,006060,0.75,0,-0.05698,0
2026-02-27,2026-03-05,026940,0.7421,0,-0.01,0
2026-02-27,2026-03-05,039570,0.7372,0,-0.01,0
2026-02-27,2026-03-05,010640,0.7308,0,-0.01,0
2026-02-27,2026-03-05,009190,0.7293,0,-0.01,0
2026-02-27,2026-03-05,003230,0.7293,0,-0.01,0
2026-02-27,2026-03-05,020560,0.7276,0,-0.01,0
2026-02-27,2026-03-05,012200,0.7266,0,-0.01,0
2026-02-27,2026-03-05,051900,0.7242,0,-0.117978,0
2026-02-27,2026-03-05,003060,0.7222,0,-0.01,0
2026-02-27,2026-03-05,004450,0.7212,0,-0.01,0
2026-02-27,2026-03-05,009810,0.7208,0,-0.064989,0
2026-02-27,2026-03-05,006840,0.7207,0,-0.01,0
2026-02-27,2026-03-05,011090,0.72,0,-0.01,0
2026-02-27,2026-03-05,016800,0.719,0,-0.01,0
2026-02-27,2026-03-05,010040,0.7161,0,-0.01,0
2026-02-27,2026-03-05,002360,0.7149,1,0.217742,1
2026-02-27,2026-03-05,007310,0.7088,0,-0.062893,0
2026-02-27,2026-03-05,004270,0.6942,0,-0.083439,0
2026-02-27,2026-03-05,001680,0.6942,0,-0.01,0
2026-02-27,2026-03-05,008970,0.6884,0,-0.05291,0
2026-02-27,2026-03-05,000650,0.6843,0,-0.090573,0
2026-02-27,2026-03-05,005360,0.6779,0,-0.01,0
2026-02-27,2026-03-05,009450,0.6762,0,-0.068429,0
2026-02-27,2026-03-05,004870,0.6759,0,-0.061728,0
2026-02-27,2026-03-05,008700,0.6739,0,-0.01,0
2026-02-27,2026-03-05,002710,0.6722,0,-0.141661,0
2026-02-27,2026-03-05,012690,0.6703,0,-0.01,0
2026-02-27,2026-03-05,036530,0.6678,0,-0.102073,0
2026-02-27,2026-03-05,014830,0.6678,0,-0.088916,0
2026-02-27,2026-03-05,004430,0.6663,0,-0.01,0
2026-02-27,2026-03-05,035250,0.6657,0,-0.064042,0
2026-02-27,2026-03-05,007280,0.6646,0,-0.01,0
2026-02-27,2026-03-05,006890,0.6645,1,0.049936,1
2026-02-27,2026-03-05,027740,0.6619,0,-0.01,0
2026-02-27,2026-03-05,003960,0.6604,0,-0.075472,0
2026-02-27,2026-03-05,011790,0.6574,0,-0.123675,0
2026-02-27,2026-03-05,002390,0.6548,0,-0.072646,0
2026-02-27,2026-03-05,047400,0.6523,0,-0.056037,0
2026-02-27,2026-03-05,005180,0.6518,0,-0.054945,0
2026-02-27,2026-03-05,011420,0.6472,0,-0.059701,0
2026-02-27,2026-03-05,009410,0.646,0,-0.01,0
2026-02-27,2026-03-05,058850,0.6455,0,-0.01,0
2026-02-27,2026-03-05,015890,0.6397,0,-0.01,0
2026-02-27,2026-03-05,018670,0.6372,1,0.021459,1
2026-02-27,2026-03-05,023810,0.636,0,-0.080473,0
2026-02-27,2026-03-05,002070,0.6347,0,-0.01,0
2026-02-27,2026-03-05,000140,0.6342,0,-0.01,0
2026-02-27,2026-03-05,004720,0.6276,0,-0.01,0
2026-02-27,2026-03-05,009200,0.6266,0,-0.033333,0
2026-02-27,2026-03-05,000320,0.6266,0,-0.01,0
2026-02-27,2026-03-05,039130,0.6264,0,-0.118503,0
2026-02-27,2026-03-05,000480,0.6257,0,-0.01,0
2026-02-27,2026-03-05,035720,0.6227,0,-0.17817,0
2026-02-27,2026-03-05,016710,0.6203,0,-0.012168,0
2026-02-27,2026-03-05,018500,0.6182,0,-0.01,0
2026-02-27,2026-03-05,024900,0.617,0,-0.01,0
2026-02-27,2026-03-05,025890,0.6143,0,-0.01,0
2026-02-27,2026-03-05,000020,0.609,0,-0.01,0
2026-02-27,2026-03-05,000040,0.6053,0,-0.078283,0
2026-02-27,2026-03-05,044380,0.6032,0,-0.127371,0
2026-02-27,2026-03-05,025750,0.6019,0,-0.01,0
2026-02-27,2026-03-05,023350,0.5982,0,-0.079665,0
2026-02-27,2026-03-05,024090,0.5978,0,-0.01,0
2026-02-27,2026-03-05,000100,0.5924,0,-0.01,0
2026-02-27,2026-03-05,051630,0.5909,0,-0.096639,0
2026-02-27,2026-03-05,004770,0.5908,0,-0.055383,0
2026-02-27,2026-03-05,044820,0.5886,0,-0.08615,0
2026-02-27,2026-03-05,014990,0.5884,0,-0.097506,0
2026-02-27,2026-03-05,003570,0.5855,0,-0.108929,0
2026-02-27,2026-03-05,008600,0.583,0,-0.01,0
2026-02-27,2026-03-05,005610,0.5814,0,-0.01,0
2026-02-27,2026-03-05,000910,0.5811,0,-0.01,0
2026-02-27,2026-03-05,021240,0.5804,0,-0.01,0
2026-02-27,2026-03-05,009580,0.5787,0,-0.03373,0
2026-02-27,2026-03-05,016580,0.5778,0,-0.01,0
2026-02-27,2026-03-05,002880,0.5765,0,-0.01,0
2026-02-27,2026-03-05,003080,0.5735,0,-0.020333,0
2026-02-27,2026-03-05,005010,0.5715,0,-0.021965,0
2026-02-27,2026-03-05,002140,0.5683,1,0.088123,1
2026-02-27,2026-03-05,003680,0.5682,0,-0.01,0
2026-02-27,2026-03-05,019170,0.5643,0,-0.01,0
2026-02-27,2026-03-05,002030,0.5636,0,-0.01,0
2026-02-27,2026-03-05,014280,0.5617,0,-0.01,0
2026-02-27,2026-03-05,000230,0.56,0,-0.01,0
2026-02-27,2026-03-05,026960,0.5581,0,-0.01,0
2026-02-27,2026-03-05,013360,0.5563,0,-0.01,0
2026-02-27,2026-03-05,001210,0.5524,0,-0.01,0
2026-02-27,2026-03-05,024070,0.5523,0,-0.01,0
2026-02-27,2026-03-05,010580,0.5503,0,-0.01,0
2026-03-05,2026-03-10,019680,0.9607,0,-0.01,0
2026-03-05,2026-03-10,006370,0.9531,1,0.01,1
2026-03-05,2026-03-10,011330,0.9178,0,-0.099338,0
2026-03-05,2026-03-10,002070,0.9142,0,-0.01,0
2026-03-05,2026-03-10,004870,0.9142,0,-0.01,0
2026-03-05,2026-03-10,004270,0.9119,1,0.027586,1
2026-03-05,2026-03-10,051900,0.9079,1,0.04034,1
2026-03-05,2026-03-10,002820,0.9069,0,-0.044643,0
2026-03-05,2026-03-10,006660,0.9046,0,-0.01,0
2026-03-05,2026-03-10,036420,0.9031,0,-0.01,0
2026-03-05,2026-03-10,006890,0.8917,1,0.041463,1
2026-03-05,2026-03-10,006490,0.8872,0,-0.128151,0
2026-03-05,2026-03-10,025890,0.8831,0,-0.01,0
2026-03-05,2026-03-10,024900,0.8778,0,-0.01,0
2026-03-05,2026-03-10,008700,0.8691,0,-0.01,0
2026-03-05,2026-03-10,007460,0.8686,0,-0.04,0
2026-03-05,2026-03-10,014130,0.8657,0,-0.035587,0
2026-03-05,2026-03-10,015020,0.8655,1,0.060268,1
2026-03-05,2026-03-10,008870,0.8617,0,-0.01,0
2026-03-05,2026-03-10,004250,0.8586,0,-0.01,0
2026-03-05,2026-03-10,000650,0.856,0,-0.030488,0
2026-03-05,2026-03-10,004450,0.8525,0,-0.01,0
2026-03-05,2026-03-10,034120,0.8524,0,-0.01,0
2026-03-05,2026-03-10,004920,0.8417,1,0.023408,1
2026-03-05,2026-03-10,003060,0.84,0,-0.01,0
2026-03-05,2026-03-10,009450,0.8328,1,0.01,1
2026-03-05,2026-03-10,021240,0.8289,0,-0.01,0
2026-03-05,2026-03-10,003030,0.8237,1,0.070635,1
2026-03-05,2026-03-10,008970,0.821,1,0.039106,1
2026-03-05,2026-03-10,004980,0.8142,0,-0.01,0
2026-03-05,2026-03-10,053690,0.8093,1,0.066443,1
2026-03-05,2026-03-10,003220,0.8002,0,-0.01,0
2026-03-05,2026-03-10,010640,0.7932,1,0.01,1
2026-03-05,2026-03-10,012690,0.7893,1,0.01,1
2026-03-05,2026-03-10,004770,0.7884,1,0.01,1
2026-03-05,2026-03-10,004890,0.7828,1,0.01,1
2026-03-05,2026-03-10,005810,0.7815,0,-0.01,0
2026-03-05,2026-03-10,006040,0.7798,0,-0.01,0
2026-03-05,2026-03-10,023810,0.7742,0,-0.024453,0
2026-03-05,2026-03-10,005740,0.7714,0,-0.01,0
2026-03-05,2026-03-10,014580,0.7708,1,0.017301,1
2026-03-05,2026-03-10,014830,0.7672,1,0.01,1
2026-03-05,2026-03-10,012200,0.7595,0,-0.01,0
2026-03-05,2026-03-10,010040,0.757,0,-0.036765,0
2026-03-05,2026-03-10,044820,0.7541,1,0.030457,1
2026-03-05,2026-03-10,007310,0.7521,0,-0.033557,0
2026-03-05,2026-03-10,001790,0.7518,0,-0.01,0
2026-03-05,2026-03-10,002630,0.7515,0,-0.01,0
2026-03-05,2026-03-10,009410,0.7508,0,-0.01,0
2026-03-05,2026-03-10,009810,0.7403,1,0.0372,1
2026-03-05,2026-03-10,003960,0.7393,0,-0.029155,0
2026-03-05,2026-03-10,000970,0.7382,0,-0.01,0
2026-03-05,2026-03-10,010140,0.7318,1,0.023897,1
2026-03-05,2026-03-10,004430,0.7283,0,-0.01,0
2026-03-05,2026-03-10,051630,0.7275,1,0.118605,1
2026-03-05,2026-03-10,005420,0.7267,1,0.01,1
2026-03-05,2026-03-10,005180,0.7233,0,-0.034884,0
2026-03-05,2026-03-10,018670,0.7224,0,-0.01,0
2026-03-05,2026-03-10,024890,0.7049,0,-0.01,0
2026-03-05,2026-03-10,001780,0.7027,0,-0.030952,0
2026-03-05,2026-03-10,006840,0.6977,0,-0.01,0
2026-03-05,2026-03-10,011300,0.6925,0,-0.01,0
2026-03-05,2026-03-10,000140,0.6862,0,-0.01,0
2026-03-05,2026-03-10,036530,0.6851,1,0.017762,1
2026-03-05,2026-03-10,035000,0.6755,0,-0.01,0
2026-03-05,2026-03-10,003230,0.6754,0,-0.01,0
2026-03-05,2026-03-10,011150,0.6739,0,-0.01,0
2026-03-05,2026-03-10,002710,0.6727,1,0.01,1
2026-03-05,2026-03-10,058850,0.6721,0,-0.01,0
2026-03-05,2026-03-10,001380,0.6636,0,-0.01,0
2026-03-05,2026-03-10,002220,0.6584,0,-0.041769,0
2026-03-05,2026-03-10,001680,0.6581,0,-0.01,0
2026-03-05,2026-03-10,023000,0.6563,0,-0.01,0
2026-03-05,2026-03-10,005010,0.6506,1,0.052009,1
2026-03-05,2026-03-10,025750,0.6495,0,-0.01,0
2026-03-05,2026-03-10,024090,0.6493,0,-0.01,0
2026-03-05,2026-03-10,005690,0.6441,1,0.04073,1
2026-03-05,2026-03-10,007690,0.642,0,-0.033241,0
2026-03-05,2026-03-10,000020,0.6392,0,-0.01,0
2026-03-05,2026-03-10,010770,0.6385,0,-0.018182,0
2026-03-05,2026-03-10,037560,0.6333,0,-0.01,0
2026-03-05,2026-03-10,009200,0.6193,0,-0.01,0
2026-03-05,2026-03-10,008770,0.6182,0,-0.02217,0
2026-03-05,2026-03-10,016580,0.6176,0,-0.01,0
2026-03-05,2026-03-10,000990,0.6067,0,-0.076842,0
2026-03-05,2026-03-10,036460,0.6058,0,-0.01,0
2026-03-05,2026-03-10,031430,0.6055,0,-0.01,0
2026-03-05,2026-03-10,000490,0.6045,1,0.03012,1
2026-03-05,2026-03-10,008730,0.6038,1,0.054852,1
2026-03-05,2026-03-10,001130,0.5896,0,-0.045213,0
2026-03-05,2026-03-10,004490,0.5865,0,-0.01,0
2026-03-05,2026-03-10,012800,0.5834,0,-0.042988,0
2026-03-05,2026-03-10,001340,0.5815,1,0.050847,1
2026-03-05,2026-03-10,011280,0.581,0,-0.01,0
2026-03-05,2026-03-10,003570,0.5797,0,-0.039078,0
2026-03-05,2026-03-10,004370,0.5779,0,-0.01,0
2026-03-05,2026-03-10,008260,0.5741,0,-0.01,0
2026-03-05,2026-03-10,003480,0.5726,0,-0.01,0
2026-03-05,2026-03-10,005500,0.5661,0,-0.01,0
2026-03-05,2026-03-10,004540,0.5577,1,0.01,1
2026-03-10,2026-03-13,019680,0.9524,1,0.061704,1
2026-03-10,2026-03-13,002820,0.9468,1,0.01,1
2026-03-10,2026-03-13,006660,0.9352,1,0.01,1
2026-03-10,2026-03-13,021240,0.9316,1,0.01,1
2026-03-10,2026-03-13,044380,0.9312,1,0.089783,1
2026-03-10,2026-03-13,006740,0.9308,1,0.01,1
2026-03-10,2026-03-13,006040,0.9259,1,0.019894,1
2026-03-10,2026-03-13,004720,0.9166,1,0.045205,1
2026-03-10,2026-03-13,007590,0.9143,1,0.01,1
2026-03-10,2026-03-13,014820,0.9066,1,0.020661,1
2026-03-10,2026-03-13,011330,0.9058,1,0.095588,1
2026-03-10,2026-03-13,004450,0.9026,1,0.018215,1
2026-03-10,2026-03-13,018470,0.9017,1,0.01,1
2026-03-10,2026-03-13,003220,0.9014,1,0.030333,1
2026-03-10,2026-03-13,023150,0.9011,1,0.025516,1
2026-03-10,2026-03-13,014130,0.8985,0,-0.020295,0
2026-03-10,2026-03-13,016800,0.8978,0,-0.01,0
2026-03-10,2026-03-13,000650,0.8939,0,-0.020964,0
2026-03-10,2026-03-13,026940,0.8932,1,0.01,1
2026-03-10,2026-03-13,014910,0.8887,1,0.01,1
2026-03-10,2026-03-13,012610,0.888,1,0.017263,1
2026-03-10,2026-03-13,000080,0.8874,1,0.01,1
2026-03-10,2026-03-13,004890,0.8836,0,-0.01,0
2026-03-10,2026-03-13,006490,0.8829,1,0.028916,1
2026-03-10,2026-03-13,033250,0.8811,1,0.01,1
2026-03-10,2026-03-13,014160,0.8779,1,0.01,1
2026-03-10,2026-03-13,000140,0.8735,1,0.025843,1
2026-03-10,2026-03-13,003230,0.8729,1,0.054369,1
2026-03-10,2026-03-13,004270,0.8726,1,0.01,1
2026-03-10,2026-03-13,012690,0.8683,0,-0.01,0
2026-03-10,2026-03-13,036420,0.8682,1,0.01,1
2026-03-10,2026-03-13,003920,0.8664,1,0.01,1
2026-03-10,2026-03-13,011230,0.8654,1,0.082645,1
2026-03-10,2026-03-13,015760,0.8641,1,0.01,1
2026-03-10,2026-03-13,010040,0.8638,1,0.01,1
2026-03-10,2026-03-13,051900,0.8591,1,0.018367,1
2026-03-10,2026-03-13,009190,0.8584,1,0.01,1
2026-03-10,2026-03-13,025890,0.8526,1,0.01,1
2026-03-10,2026-03-13,008700,0.8511,1,0.01,1
2026-03-10,2026-03-13,010640,0.85,0,-0.01,0
2026-03-10,2026-03-13,006570,0.8482,1,0.01,1
2026-03-10,2026-03-13,001420,0.8456,0,-0.044484,0
2026-03-10,2026-03-13,000910,0.8421,1,0.01,1
2026-03-10,2026-03-13,013890,0.8358,1,0.01,1
2026-03-10,2026-03-13,002070,0.8308,1,0.012346,1
2026-03-10,2026-03-13,032350,0.826,1,0.039037,1
2026-03-10,2026-03-13,007460,0.8237,0,-0.089286,0
2026-03-10,2026-03-13,003480,0.8236,1,0.020408,1
2026-03-10,2026-03-13,010580,0.8225,1,0.01,1
2026-03-10,2026-03-13,009200,0.8184,1,0.01,1
2026-03-10,2026-03-13,023350,0.8171,1,0.01,1
2026-03-10,2026-03-13,007310,0.8158,1,0.01,1
2026-03-10,2026-03-13,005360,0.8151,1,0.03312,1
2026-03-10,2026-03-13,023810,0.8115,1,0.064644,1
2026-03-10,2026-03-13,035720,0.8097,0,-0.01,0
2026-03-10,2026-03-13,008250,0.8069,1,0.036891,1
2026-03-10,2026-03-13,002390,0.8067,1,0.01,1
2026-03-10,2026-03-13,008970,0.8028,1,0.01,1
2026-03-10,2026-03-13,039570,0.7998,1,0.035366,1
2026-03-10,2026-03-13,004370,0.7985,0,-0.047742,0
2026-03-10,2026-03-13,016880,0.7951,1,0.067164,1
2026-03-10,2026-03-13,009270,0.7838,1,0.01,1
2026-03-10,2026-03-13,000040,0.7745,1,0.01,1
2026-03-10,2026-03-13,004700,0.7739,1,0.01,1
2026-03-10,2026-03-13,058850,0.7713,1,0.01,1
2026-03-10,2026-03-13,024070,0.7711,1,0.036119,1
2026-03-10,2026-03-13,005610,0.771,1,0.02994,1
2026-03-10,2026-03-13,060980,0.7702,1,0.013873,1
2026-03-10,2026-03-13,051630,0.7641,1,0.033264,1
2026-03-10,2026-03-13,005750,0.7584,1,0.01,1
2026-03-10,2026-03-13,000480,0.7559,1,0.01,1
2026-03-10,2026-03-13,003060,0.7545,0,-0.035461,0
2026-03-10,2026-03-13,002320,0.7529,1,0.01,1
2026-03-10,2026-03-13,007280,0.7522,1,0.01,1
2026-03-10,2026-03-13,003030,0.752,1,0.119348,1
2026-03-10,2026-03-13,041650,0.7504,1,0.01,1
2026-03-10,2026-03-13,014710,0.7465,1,0.02,1
2026-03-10,2026-03-13,002630,0.7455,0,-0.01,0
2026-03-10,2026-03-13,004250,0.7454,1,0.039726,1
2026-03-10,2026-03-13,001380,0.7436,1,0.01,1
2026-03-10,2026-03-13,005180,0.7389,1,0.01,1
2026-03-10,2026-03-13,005500,0.7382,1,0.01,1
2026-03-10,2026-03-13,036460,0.7312,0,-0.01,0
2026-03-10,2026-03-13,016580,0.727,1,0.022727,1
2026-03-10,2026-03-13,027740,0.7199,1,0.01,1
2026-03-10,2026-03-13,002030,0.7122,1,0.01,1
2026-03-10,2026-03-13,004770,0.7019,1,0.01,1
2026-03-10,2026-03-13,053690,0.7011,1,0.065445,1
2026-03-10,2026-03-13,047400,0.6974,1,0.148043,1
2026-03-10,2026-03-13,005420,0.6858,0,-0.01,0
2026-03-10,2026-03-13,000020,0.6841,1,0.01,1
2026-03-10,2026-03-13,023000,0.6834,1,0.01,1
2026-03-10,2026-03-13,032640,0.6805,1,0.012873,1
2026-03-10,2026-03-13,001260,0.6802,1,0.01,1
2026-03-10,2026-03-13,002150,0.6781,1,0.01,1
2026-03-10,2026-03-13,014830,0.6769,1,0.01,1
2026-03-10,2026-03-13,012200,0.6744,1,0.015068,1
2026-03-10,2026-03-13,004830,0.6692,1,0.065169,1
2026-03-10,2026-03-13,001790,0.6671,1,0.018484,1
2026-03-10,2026-03-13,005740,0.6643,1,0.01,1
2026-03-10,2026-03-13,009410,0.6612,1,0.01,1
2026-03-10,2026-03-13,019180,0.6543,1,0.197497,1
2026-03-10,2026-03-13,033270,0.6534,1,0.01,1
2026-03-10,2026-03-13,003680,0.6531,1,0.01,1
2026-03-10,2026-03-13,035250,0.6481,1,0.01,1
2026-03-10,2026-03-13,016090,0.644,1,0.01,1
2026-03-10,2026-03-13,001130,0.6435,1,0.060585,1
2026-03-10,2026-03-13,018500,0.6403,1,0.01,1
2026-03-10,2026-03-13,011280,0.638,1,0.01,1
2026-03-10,2026-03-13,009540,0.6347,1,0.029703,1
2026-03-10,2026-03-13,000320,0.6341,1,0.02439,1
2026-03-10,2026-03-13,037560,0.6318,1,0.036117,1
2026-03-10,2026-03-13,008260,0.6317,1,0.021771,1
2026-03-10,2026-03-13,004690,0.6294,1,0.01,1
2026-03-10,2026-03-13,005950,0.6291,0,-0.021978,0
2026-03-10,2026-03-13,002690,0.6288,1,0.050345,1
2026-03-10,2026-03-13,003570,0.6198,1,0.090719,1
2026-03-10,2026-03-13,007110,0.6166,1,0.01,1
2026-03-10,2026-03-13,031430,0.6147,1,0.026468,1
2026-03-10,2026-03-13,007660,0.6128,0,-0.058047,0
2026-03-10,2026-03-13,035510,0.6079,1,0.062982,1
2026-03-10,2026-03-13,001430,0.605,1,0.138934,1
2026-03-10,2026-03-13,025530,0.604,1,0.01,1
2026-03-10,2026-03-13,025620,0.6006,1,0.053787,1
2026-03-10,2026-03-13,003090,0.5979,1,0.032538,1
2026-03-10,2026-03-13,001780,0.5976,1,0.01,1
2026-03-10,2026-03-13,011390,0.5952,1,0.01,1
2026-03-10,2026-03-13,002700,0.5951,1,0.01,1
2026-03-10,2026-03-13,024090,0.5905,1,0.01,1
2026-03-10,2026-03-13,009240,0.5873,1,0.029976,1
2026-03-10,2026-03-13,000230,0.5844,1,0.01,1
2026-03-10,2026-03-13,003010,0.5818,1,0.01,1
2026-03-10,2026-03-13,016710,0.5816,0,-0.01,0
2026-03-10,2026-03-13,030720,0.5794,1,0.01,1
2026-03-10,2026-03-13,000970,0.5737,1,0.01,1
2026-03-10,2026-03-13,009460,0.5722,1,0.01,1
2026-03-10,2026-03-13,006880,0.5621,1,0.01,1
2026-03-10,2026-03-13,013360,0.5608,1,0.01,1
2026-03-10,2026-03-13,002600,0.5542,0,-0.01,0
2026-03-10,2026-03-13,007690,0.5531,1,0.034384,1
2026-03-10,2026-03-13,004910,0.5525,1,0.01,1
2026-03-10,2026-03-13,001770,0.5524,1,0.018214,1
2026-03-13,2026-03-18,019680,0.95,1,0.01,1
2026-03-13,2026-03-18,006490,0.9419,0,-0.288056,0
2026-03-13,2026-03-18,007590,0.9402,0,-0.01,0
2026-03-13,2026-03-18,002070,0.9257,0,-0.239837,0
2026-03-13,2026-03-18,034120,0.9116,1,0.01,1
2026-03-13,2026-03-18,023150,0.9093,1,0.01,1
2026-03-13,2026-03-18,004430,0.9063,1,0.01,1
2026-03-13,2026-03-18,025890,0.8987,0,-0.01,0
2026-03-13,2026-03-18,000650,0.8971,1,0.044968,1
2026-03-13,2026-03-18,011230,0.8969,1,0.020992,1
2026-03-13,2026-03-18,001420,0.896,1,0.026071,1
2026-03-13,2026-03-18,006060,0.8948,0,-0.01,0
2026-03-13,2026-03-18,016800,0.8896,0,-0.01,0
2026-03-13,2026-03-18,020560,0.8844,1,0.01,1
2026-03-13,2026-03-18,039130,0.8843,1,0.01,1
2026-03-13,2026-03-18,014820,0.8837,1,0.044534,1
2026-03-13,2026-03-18,010640,0.8822,0,-0.045455,0
2026-03-13,2026-03-18,021240,0.8822,1,0.01,1
2026-03-13,2026-03-18,006570,0.876,0,-0.01,0
2026-03-13,2026-03-18,011330,0.8711,1,0.02953,1
2026-03-13,2026-03-18,000080,0.8672,1,0.01,1
2026-03-13,2026-03-18,025750,0.8556,0,-0.01,0
2026-03-13,2026-03-18,018470,0.853,1,0.01,1
2026-03-13,2026-03-18,003580,0.8518,1,0.01,1
2026-03-13,2026-03-18,015760,0.8419,1,0.034161,1
2026-03-13,2026-03-18,037270,0.8349,1,0.01,1
2026-03-13,2026-03-18,002880,0.8274,0,-0.01,0
2026-03-13,2026-03-18,006040,0.8231,1,0.049415,1
2026-03-13,2026-03-18,016880,0.8168,1,0.221445,1
2026-03-13,2026-03-18,033250,0.8104,0,-0.01,0
2026-03-13,2026-03-18,002390,0.8056,1,0.01,1
2026-03-13,2026-03-18,000040,0.7947,1,0.01,1
2026-03-13,2026-03-18,003030,0.7767,1,0.124503,1
2026-03-13,2026-03-18,002840,0.7734,0,-0.013456,0
2026-03-13,2026-03-18,023810,0.7621,1,0.01487,1
2026-03-13,2026-03-18,044380,0.7606,1,0.03125,1
2026-03-13,2026-03-18,007310,0.7581,1,0.01,1
2026-03-13,2026-03-18,024900,0.7552,1,0.01,1
2026-03-13,2026-03-18,004490,0.7473,1,0.021452,1
2026-03-13,2026-03-18,036460,0.7469,1,0.01,1
2026-03-13,2026-03-18,024890,0.7453,1,0.01,1
2026-03-13,2026-03-18,041650,0.7359,1,0.01,1
2026-03-13,2026-03-18,002220,0.7307,1,0.015444,1
2026-03-13,2026-03-18,004370,0.7289,1,0.025745,1
2026-03-13,2026-03-18,003080,0.7242,0,-0.01,0
2026-03-13,2026-03-18,004980,0.7197,1,0.01,1
2026-03-13,2026-03-18,014990,0.7161,0,-0.01,0
2026-03-13,2026-03-18,009450,0.7161,1,0.052718,1
2026-03-13,2026-03-18,001380,0.713,0,-0.01,0
2026-03-13,2026-03-18,009270,0.7029,0,-0.037683,0
2026-03-13,2026-03-18,058850,0.7017,0,-0.016917,0
2026-03-13,2026-03-18,004770,0.7011,0,-0.024074,0
2026-03-13,2026-03-18,000480,0.7003,1,0.01,1
2026-03-13,2026-03-18,002690,0.7003,0,-0.015102,0
2026-03-13,2026-03-18,002450,0.6824,1,0.018628,1
2026-03-13,2026-03-18,035150,0.682,1,0.01,1
2026-03-13,2026-03-18,032350,0.6771,1,0.01,1
2026-03-13,2026-03-18,002600,0.6722,0,-0.01,0
2026-03-13,2026-03-18,051630,0.6608,0,-0.070423,0
2026-03-13,2026-03-18,023960,0.6607,1,0.01,1
2026-03-13,2026-03-18,027740,0.6559,0,-0.01,0
2026-03-13,2026-03-18,005610,0.6547,1,0.013566,1
2026-03-13,2026-03-18,003230,0.6525,1,0.01,1
2026-03-13,2026-03-18,015890,0.6407,1,0.01,1
2026-03-13,2026-03-18,004830,0.6391,0,-0.029536,0
2026-03-13,2026-03-18,009200,0.634,0,-0.01,0
2026-03-13,2026-03-18,005180,0.6322,0,-0.01,0
2026-03-13,2026-03-18,044820,0.6207,1,0.01,1
2026-03-13,2026-03-18,001040,0.6191,1,0.133787,1
2026-03-13,2026-03-18,026960,0.6187,1,0.023483,1
2026-03-13,2026-03-18,010770,0.6115,1,0.01,1
2026-03-13,2026-03-18,016710,0.6108,0,-0.01,0
2026-03-13,2026-03-18,008770,0.6055,1,0.048463,1
2026-03-13,2026-03-18,000680,0.6054,1,0.019969,1
2026-03-13,2026-03-18,002790,0.6019,1,0.037383,1
2026-03-13,2026-03-18,004690,0.5996,1,0.01,1
2026-03-13,2026-03-18,001130,0.5986,0,-0.01,0
2026-03-13,2026-03-18,047400,0.5981,0,-0.035338,0
2026-03-13,2026-03-18,018500,0.5863,1,0.01,1
2026-03-13,2026-03-18,003570,0.5852,0,-0.063098,0
2026-03-13,2026-03-18,010100,0.5787,1,0.019149,1
2026-03-13,2026-03-18,019180,0.5763,1,0.080139,1
2026-03-13,2026-03-18,014710,0.5696,0,-0.031373,0
2026-03-13,2026-03-18,003780,0.5654,0,-0.049236,0
2026-03-13,2026-03-18,036530,0.5643,1,0.01,1
2026-03-13,2026-03-18,055490,0.5626,1,0.040191,1
2026-03-13,2026-03-18,004910,0.5622,1,0.01,1
2026-03-13,2026-03-18,007660,0.559,1,0.168067,1
2026-03-18,2026-03-23,002070,0.9414,0,-0.069519,0
2026-03-18,2026-03-23,016800,0.9202,0,-0.060447,0
2026-03-18,2026-03-23,006370,0.9199,0,-0.01,0
2026-03-18,2026-03-23,000140,0.9192,0,-0.01,0
2026-03-18,2026-03-23,001420,0.9182,0,-0.01,0
2026-03-18,2026-03-23,004430,0.9158,0,-0.030837,0
2026-03-18,2026-03-23,008600,0.9124,0,-0.01,0
2026-03-18,2026-03-23,021240,0.9088,0,-0.054667,0
2026-03-18,2026-03-23,006040,0.9083,0,-0.033457,0
2026-03-18,2026-03-23,036420,0.907,0,-0.01,0
2026-03-18,2026-03-23,000650,0.9056,0,-0.01,0
2026-03-18,2026-03-23,019680,0.9041,0,-0.01,0
2026-03-18,2026-03-23,011090,0.9007,0,-0.046053,0
2026-03-18,2026-03-23,039130,0.9007,0,-0.04,0
2026-03-18,2026-03-23,004450,0.8983,0,-0.01,0
2026-03-18,2026-03-23,006740,0.892,0,-0.044723,0
2026-03-18,2026-03-23,002840,0.8896,0,-0.066762,0
2026-03-18,2026-03-23,013890,0.8878,0,-0.079867,0
2026-03-18,2026-03-23,007460,0.8876,1,0.039216,1
2026-03-18,2026-03-23,006660,0.8875,0,-0.05523,0
2026-03-18,2026-03-23,002820,0.8824,1,0.01,1
2026-03-18,2026-03-23,035420,0.8727,0,-0.077263,0
2026-03-18,2026-03-23,006490,0.8702,0,-0.055921,0
2026-03-18,2026-03-23,034120,0.8692,0,-0.01,0
2026-03-18,2026-03-23,003220,0.8665,0,-0.041109,0
2026-03-18,2026-03-23,020560,0.8655,0,-0.01,0
2026-03-18,2026-03-23,011230,0.8612,0,-0.069159,0
2026-03-18,2026-03-23,008700,0.8611,1,0.439306,1
2026-03-18,2026-03-23,003960,0.8576,0,-0.01,0
2026-03-18,2026-03-23,004870,0.855,0,-0.02849,0
2026-03-18,2026-03-23,000080,0.8498,0,-0.041201,0
2026-03-18,2026-03-23,014910,0.8476,0,-0.054706,0
2026-03-18,2026-03-23,009190,0.8438,1,0.02447,1
2026-03-18,2026-03-23,037270,0.8373,0,-0.151757,0
2026-03-18,2026-03-23,025750,0.8348,0,-0.01,0
2026-03-18,2026-03-23,004890,0.8314,0,-0.01,0
2026-03-18,2026-03-23,009270,0.8272,0,-0.068165,0
2026-03-18,2026-03-23,006060,0.8254,0,-0.01,0
2026-03-18,2026-03-23,011150,0.8233,0,-0.027881,0
2026-03-18,2026-03-23,005360,0.8186,0,-0.048,0
2026-03-18,2026-03-23,007310,0.8143,0,-0.036145,0
2026-03-18,2026-03-23,017810,0.8128,0,-0.041771,0
2026-03-18,2026-03-23,011000,0.8109,0,-0.114447,0
2026-03-18,2026-03-23,000100,0.8033,0,-0.066866,0
2026-03-18,2026-03-23,009200,0.7868,1,0.01,1
2026-03-18,2026-03-23,000040,0.7826,1,0.01,1
2026-03-18,2026-03-23,010040,0.7801,0,-0.01,0
2026-03-18,2026-03-23,011300,0.7734,0,-0.01,0
2026-03-18,2026-03-23,004370,0.7733,0,-0.031704,0
2026-03-18,2026-03-23,023810,0.7657,0,-0.01,0
2026-03-18,2026-03-23,009450,0.7655,0,-0.01,0
2026-03-18,2026-03-23,003230,0.7624,1,0.01,1
2026-03-18,2026-03-23,007280,0.7612,1,0.01,1
2026-03-18,2026-03-23,003920,0.7609,0,-0.065099,0
2026-03-18,2026-03-23,009580,0.7551,1,0.01,1
2026-03-18,2026-03-23,002630,0.7535,0,-0.01,0
2026-03-18,2026-03-23,001790,0.7528,1,0.01,1
2026-03-18,2026-03-23,004250,0.7516,0,-0.017038,0
2026-03-18,2026-03-23,016880,0.7417,1,0.043893,1
2026-03-18,2026-03-23,041650,0.7375,0,-0.018657,0
2026-03-18,2026-03-23,002030,0.7355,0,-0.069149,0
2026-03-18,2026-03-23,004920,0.734,0,-0.037443,0
2026-03-18,2026-03-23,015760,0.7338,0,-0.087087,0
2026-03-18,2026-03-23,035150,0.7271,0,-0.066522,0
2026-03-18,2026-03-23,010640,0.7253,0,-0.01,0
2026-03-18,2026-03-23,005430,0.7252,0,-0.051107,0
2026-03-18,2026-03-23,036460,0.7177,0,-0.01,0
2026-03-18,2026-03-23,024900,0.7169,0,-0.029056,0
2026-03-18,2026-03-23,008970,0.711,0,-0.01,0
2026-03-18,2026-03-23,037560,0.7106,0,-0.039046,0
2026-03-18,2026-03-23,008730,0.6994,0,-0.10978,0
2026-03-18,2026-03-23,005250,0.6872,0,-0.039744,0
2026-03-18,2026-03-23,008770,0.6852,0,-0.059752,0
2026-03-18,2026-03-23,027740,0.6799,0,-0.01,0
2026-03-18,2026-03-23,010100,0.6798,0,-0.06785,0
2026-03-18,2026-03-23,004490,0.6785,0,-0.045234,0
2026-03-18,2026-03-23,000480,0.6783,0,-0.01,0
2026-03-18,2026-03-23,000640,0.6737,0,-0.01,0
2026-03-18,2026-03-23,035720,0.6711,0,-0.08932,0
2026-03-18,2026-03-23,004980,0.6703,1,0.01,1
2026-03-18,2026-03-23,006840,0.6702,0,-0.01,0
2026-03-18,2026-03-23,003060,0.6699,1,0.153558,1
2026-03-18,2026-03-23,016580,0.6698,0,-0.01,0
2026-03-18,2026-03-23,005740,0.6696,1,0.01,1
2026-03-18,2026-03-23,003030,0.6666,1,0.01,1
2026-03-18,2026-03-23,044820,0.6657,1,0.01,1
2026-03-18,2026-03-23,005610,0.6649,0,-0.01,0
2026-03-18,2026-03-23,003480,0.6645,1,0.01,1
2026-03-18,2026-03-23,013000,0.6637,1,0.01,1
2026-03-18,2026-03-23,006650,0.658,0,-0.01,0
2026-03-18,2026-03-23,009410,0.6563,1,0.01,1
2026-03-18,2026-03-23,026890,0.6562,0,-0.079334,0
2026-03-18,2026-03-23,005180,0.654,0,-0.042216,0
2026-03-18,2026-03-23,002390,0.6524,0,-0.054178,0
2026-03-18,2026-03-23,063160,0.6504,0,-0.01,0
2026-03-18,2026-03-23,051630,0.6475,0,-0.069264,0
2026-03-18,2026-03-23,035250,0.6472,0,-0.01768,0
2026-03-18,2026-03-23,001130,0.6434,0,-0.01,0
2026-03-18,2026-03-23,003200,0.6389,0,-0.028777,0
2026-03-18,2026-03-23,011790,0.6378,0,-0.01,0
2026-03-18,2026-03-23,002450,0.637,1,0.01,1
2026-03-18,2026-03-23,025820,0.6354,0,-0.058765,0
2026-03-18,2026-03-23,002220,0.6335,0,-0.01,0
2026-03-18,2026-03-23,044380,0.6308,1,0.027548,1
2026-03-18,2026-03-23,003520,0.6263,0,-0.05608,0
2026-03-18,2026-03-23,004970,0.626,1,0.01,1
2026-03-18,2026-03-23,004690,0.6243,1,0.01,1
2026-03-18,2026-03-23,000810,0.6236,0,-0.077935,0
2026-03-18,2026-03-23,000850,0.6216,0,-0.030065,0
2026-03-18,2026-03-23,023960,0.6206,1,0.026241,1
2026-03-18,2026-03-23,011280,0.6185,0,-0.01,0
2026-03-18,2026-03-23,000680,0.6148,0,-0.066265,0
2026-03-18,2026-03-23,005500,0.6137,0,-0.018339,0
2026-03-18,2026-03-23,032640,0.6109,0,-0.01,0
2026-03-18,2026-03-23,024090,0.6087,0,-0.01,0
2026-03-18,2026-03-23,003780,0.602,0,-0.0375,0
2026-03-18,2026-03-23,018670,0.5968,1,0.101732,1
2026-03-18,2026-03-23,016710,0.596,0,-0.01,0
2026-03-18,2026-03-23,004910,0.5938,0,-0.028426,0
2026-03-18,2026-03-23,010580,0.5894,0,-0.069118,0
2026-03-18,2026-03-23,004080,0.5871,0,-0.01,0
2026-03-18,2026-03-23,019170,0.5765,0,-0.035422,0
2026-03-18,2026-03-23,014710,0.5747,0,-0.031039,0
2026-03-18,2026-03-23,000320,0.5744,0,-0.01,0
2026-03-18,2026-03-23,003570,0.5728,0,-0.019388,0
2026-03-18,2026-03-23,012610,0.5726,0,-0.026829,0
2026-03-18,2026-03-23,023800,0.5712,0,-0.01,0
2026-03-18,2026-03-23,000990,0.5632,0,-0.01,0
2026-03-18,2026-03-23,002690,0.56,1,0.07,1
2026-03-18,2026-03-23,058850,0.5578,0,-0.024857,0
2026-03-18,2026-03-23,018470,0.5555,0,-0.01,0
2026-03-18,2026-03-23,002710,0.5532,0,-0.085653,0
2026-03-18,2026-03-23,012200,0.5521,0,-0.01,0
2026-03-23,2026-03-26,036420,0.9276,0,-0.057927,0
2026-03-23,2026-03-26,021240,0.9197,1,0.01,1
2026-03-23,2026-03-26,003220,0.9129,1,0.01,1
2026-03-23,2026-03-26,033250,0.9091,1,0.01,1
2026-03-23,2026-03-26,001420,0.9085,1,0.01,1
2026-03-23,2026-03-26,002070,0.9056,1,0.083333,1
2026-03-23,2026-03-26,002840,0.8992,1,0.057692,1
2026-03-23,2026-03-26,016800,0.899,1,0.067133,1
2026-03-23,2026-03-26,006370,0.8981,1,0.01,1
2026-03-23,2026-03-26,004450,0.8979,1,0.01,1
2026-03-23,2026-03-26,004720,0.8957,1,0.01,1
2026-03-23,2026-03-26,000080,0.8915,1,0.015347,1
2026-03-23,2026-03-26,006660,0.8908,1,0.01,1
2026-03-23,2026-03-26,023150,0.8898,1,0.01,1
2026-03-23,2026-03-26,005360,0.8837,1,0.01,1
2026-03-23,2026-03-26,025890,0.8822,1,0.070669,1
2026-03-23,2026-03-26,006490,0.8806,0,-0.146341,0
2026-03-23,2026-03-26,000100,0.8803,1,0.058824,1
2026-03-23,2026-03-26,006740,0.8775,1,0.01,1
2026-03-23,2026-03-26,011330,0.8735,0,-0.01,0
2026-03-23,2026-03-26,006040,0.8626,1,0.01,1
2026-03-23,2026-03-26,020560,0.8583,1,0.01,1
2026-03-23,2026-03-26,025750,0.8564,1,0.01,1
2026-03-23,2026-03-26,011230,0.8516,1,0.01,1
2026-03-23,2026-03-26,019680,0.8482,1,0.01,1
2026-03-23,2026-03-26,007590,0.847,1,0.01,1
2026-03-23,2026-03-26,014160,0.8466,1,0.354808,1
2026-03-23,2026-03-26,039570,0.8425,1,0.01,1
2026-03-23,2026-03-26,011090,0.8423,0,-0.01,0
2026-03-23,2026-03-26,008730,0.8403,1,0.01,1
2026-03-23,2026-03-26,004430,0.8325,1,0.01,1
2026-03-23,2026-03-26,037270,0.8277,1,0.01,1
2026-03-23,2026-03-26,004870,0.8268,1,0.01,1
2026-03-23,2026-03-26,009270,0.8213,1,0.01,1
2026-03-23,2026-03-26,011150,0.8176,1,0.028681,1
2026-03-23,2026-03-26,008250,0.8119,1,0.01,1
2026-03-23,2026-03-26,002820,0.8068,0,-0.01,0
2026-03-23,2026-03-26,003780,0.8029,1,0.01,1
2026-03-23,2026-03-26,002030,0.8018,1,0.01,1
2026-03-23,2026-03-26,009580,0.7976,1,0.180747,1
2026-03-23,2026-03-26,017810,0.7945,1,0.01,1
2026-03-23,2026-03-26,023810,0.7867,1,0.01,1
2026-03-23,2026-03-26,014820,0.7795,1,0.01,1
2026-03-23,2026-03-26,004920,0.7725,1,0.01,1
2026-03-23,2026-03-26,023350,0.7639,1,0.020067,1
2026-03-23,2026-03-26,006840,0.7634,1,0.035433,1
2026-03-23,2026-03-26,063160,0.7564,1,0.01,1
2026-03-23,2026-03-26,003920,0.7481,0,-0.025145,0
2026-03-23,2026-03-26,011420,0.7456,1,0.028749,1
2026-03-23,2026-03-26,009200,0.7442,1,0.059406,1
2026-03-23,2026-03-26,012330,0.7378,1,0.045932,1
2026-03-23,2026-03-26,004250,0.7354,1,0.01,1
2026-03-23,2026-03-26,004890,0.7332,1,0.01,1
2026-03-23,2026-03-26,012200,0.73,0,-0.01,0
2026-03-23,2026-03-26,007280,0.7232,1,0.01,1
2026-03-23,2026-03-26,037560,0.7166,1,0.01,1
2026-03-23,2026-03-26,000480,0.7148,1,0.01,1
2026-03-23,2026-03-26,016580,0.7143,1,0.01,1
2026-03-23,2026-03-26,000910,0.7017,1,0.033333,1
2026-03-23,2026-03-26,003520,0.6999,1,0.01,1
2026-03-23,2026-03-26,009460,0.6986,1,0.107784,1
2026-03-23,2026-03-26,044380,0.6959,1,0.01,1
2026-03-23,2026-03-26,004370,0.6911,1,0.01,1
2026-03-23,2026-03-26,003350,0.6878,1,0.03107,1
2026-03-23,2026-03-26,004080,0.6855,1,0.01,1
2026-03-23,2026-03-26,005250,0.6826,1,0.042129,1
2026-03-23,2026-03-26,027740,0.6815,1,0.01,1
2026-03-23,2026-03-26,013000,0.6767,1,0.01,1
2026-03-23,2026-03-26,051630,0.6758,1,0.051163,1
2026-03-23,2026-03-26,026960,0.675,1,0.01,1
2026-03-23,2026-03-26,004770,0.6724,1,0.030534,1
2026-03-23,2026-03-26,003230,0.6692,1,0.01,1
2026-03-23,2026-03-26,014580,0.6657,1,0.022371,1
2026-03-23,2026-03-26,016090,0.6599,1,0.01,1
2026-03-23,2026-03-26,002390,0.6565,1,0.01,1
2026-03-23,2026-03-26,004490,0.6547,1,0.01,1
2026-03-23,2026-03-26,024090,0.6512,1,0.01,1
2026-03-23,2026-03-26,010580,0.6487,1,0.01,1
2026-03-23,2026-03-26,017370,0.6475,1,0.01,1
2026-03-23,2026-03-26,047400,0.6445,1,0.084124,1
2026-03-23,2026-03-26,011280,0.6363,1,0.338519,1
2026-03-23,2026-03-26,011790,0.6317,1,0.01,1
2026-03-23,2026-03-26,002630,0.6214,1,0.01,1
2026-03-23,2026-03-26,035250,0.6201,1,0.01,1
2026-03-23,2026-03-26,000020,0.6186,1,0.01,1
2026-03-23,2026-03-26,000520,0.614,1,0.078864,1
2026-03-23,2026-03-26,017800,0.6138,1,0.01,1
2026-03-23,2026-03-26,027970,0.6116,1,0.01,1
2026-03-23,2026-03-26,023000,0.6108,1,0.010707,1
2026-03-23,2026-03-26,008260,0.6094,1,0.016949,1
2026-03-23,2026-03-26,005430,0.6048,1,0.01,1
2026-03-23,2026-03-26,015890,0.603,1,0.01,1
2026-03-23,2026-03-26,035720,0.5972,1,0.01,1
2026-03-23,2026-03-26,005810,0.5925,0,-0.041333,0
2026-03-23,2026-03-26,005950,0.5881,1,0.023377,1
2026-03-23,2026-03-26,007110,0.5874,1,0.01,1
2026-03-23,2026-03-26,003570,0.5805,1,0.048907,1
2026-03-23,2026-03-26,002710,0.58,1,0.028884,1
2026-03-23,2026-03-26,005320,0.5696,1,0.01,1
2026-03-23,2026-03-26,011390,0.5686,1,0.01,1
2026-03-23,2026-03-26,009540,0.5639,1,0.02459,1
2026-03-23,2026-03-26,002790,0.5627,1,0.020147,1
2026-03-23,2026-03-26,018500,0.5563,1,0.01,1
2026-03-23,2026-03-26,058850,0.5553,1,0.01,1
2026-03-23,2026-03-26,023800,0.5548,1,0.01,1
2026-03-23,2026-03-26,002200,0.5532,1,0.013333,1
2026-03-26,2026-03-31,013890,0.9503,0,-0.064487,0
2026-03-26,2026-03-31,002070,0.9468,0,-0.03183,0
2026-03-26,2026-03-31,002840,0.9315,0,-0.019636,0
2026-03-26,2026-03-31,000140,0.9261,0,-0.01,0
2026-03-26,2026-03-31,006040,0.9217,0,-0.01,0
2026-03-26,2026-03-31,021240,0.9146,0,-0.01,0
2026-03-26,2026-03-31,000650,0.9132,0,-0.067114,0
2026-03-26,2026-03-31,005360,0.9126,0,-0.01,0
2026-03-26,2026-03-31,019680,0.9122,0,-0.01,0
2026-03-26,2026-03-31,036420,0.9067,0,-0.07767,0
2026-03-26,2026-03-31,003220,0.9045,0,-0.01,0
2026-03-26,2026-03-31,006490,0.9022,1,0.053061,1
2026-03-26,2026-03-31,006370,0.8995,1,0.064278,1
2026-03-26,2026-03-31,006660,0.8977,0,-0.01,0
2026-03-26,2026-03-31,011330,0.8927,0,-0.01,0
2026-03-26,2026-03-31,001420,0.8879,1,0.01,1
2026-03-26,2026-03-31,003780,0.8829,0,-0.01,0
2026-03-26,2026-03-31,006060,0.8811,0,-0.01,0
2026-03-26,2026-03-31,034120,0.877,0,-0.01,0
2026-03-26,2026-03-31,025750,0.8682,0,-0.01,0
2026-03-26,2026-03-31,011300,0.8674,1,0.01,1
2026-03-26,2026-03-31,000080,0.867,1,0.010883,1
2026-03-26,2026-03-31,030000,0.8669,0,-0.01,0
2026-03-26,2026-03-31,035420,0.8623,0,-0.01,0
2026-03-26,2026-03-31,010040,0.8622,0,-0.054342,0
2026-03-26,2026-03-31,037270,0.8594,0,-0.01,0
2026-03-26,2026-03-31,008870,0.8589,0,-0.01,0
2026-03-26,2026-03-31,008040,0.8576,0,-0.01,0
2026-03-26,2026-03-31,008730,0.8566,0,-0.01,0
2026-03-26,2026-03-31,011420,0.8565,0,-0.044384,0
2026-03-26,2026-03-31,063160,0.8526,0,-0.01,0
2026-03-26,2026-03-31,004450,0.8458,0,-0.01,0
2026-03-26,2026-03-31,025890,0.8446,1,0.01,1
2026-03-26,2026-03-31,009270,0.8392,0,-0.01,0
2026-03-26,2026-03-31,002820,0.8369,0,-0.01,0
2026-03-26,2026-03-31,000100,0.8307,0,-0.042424,0
2026-03-26,2026-03-31,003960,0.8298,0,-0.01,0
2026-03-26,2026-03-31,015760,0.8257,0,-0.094565,0
2026-03-26,2026-03-31,039130,0.824,0,-0.01,0
2026-03-26,2026-03-31,014910,0.8219,0,-0.035517,0
2026-03-26,2026-03-31,024900,0.8217,0,-0.030198,0
2026-03-26,2026-03-31,008250,0.8126,0,-0.01,0
2026-03-26,2026-03-31,006740,0.8123,0,-0.01,0
2026-03-26,2026-03-31,011090,0.8102,0,-0.01,0
2026-03-26,2026-03-31,004870,0.8091,0,-0.01,0
2026-03-26,2026-03-31,010580,0.809,1,0.01,1
2026-03-26,2026-03-31,010640,0.8085,0,-0.040486,0
2026-03-26,2026-03-31,004720,0.808,0,-0.01,0
2026-03-26,2026-03-31,023150,0.8057,0,-0.01,0
2026-03-26,2026-03-31,024720,0.8013,0,-0.043046,0
2026-03-26,2026-03-31,016800,0.7995,0,-0.024902,0
2026-03-26,2026-03-31,005610,0.7988,0,-0.01,0
2026-03-26,2026-03-31,009190,0.7957,0,-0.01,0
2026-03-26,2026-03-31,008770,0.7845,1,0.01,1
2026-03-26,2026-03-31,000810,0.7827,0,-0.027594,0
2026-03-26,2026-03-31,011150,0.7825,0,-0.018587,0
2026-03-26,2026-03-31,005810,0.7807,0,-0.045897,0
2026-03-26,2026-03-31,039570,0.7761,0,-0.01,0
2026-03-26,2026-03-31,001380,0.7746,0,-0.01,0
2026-03-26,2026-03-31,026890,0.7684,0,-0.109603,0
2026-03-26,2026-03-31,006840,0.7673,1,0.031686,1
2026-03-26,2026-03-31,051900,0.7629,1,0.020661,1
2026-03-26,2026-03-31,035150,0.7628,0,-0.01,0
2026-03-26,2026-03-31,002390,0.7565,0,-0.01,0
2026-03-26,2026-03-31,000040,0.7547,1,0.032178,1
2026-03-26,2026-03-31,012200,0.7536,0,-0.01,0
2026-03-26,2026-03-31,000020,0.752,0,-0.01,0
2026-03-26,2026-03-31,003520,0.7482,0,-0.01,0
2026-03-26,2026-03-31,014820,0.7467,0,-0.01,0
2026-03-26,2026-03-31,033270,0.7456,0,-0.022167,0
2026-03-26,2026-03-31,003200,0.745,0,-0.01,0
2026-03-26,2026-03-31,017810,0.7445,0,-0.01,0
2026-03-26,2026-03-31,004370,0.7403,0,-0.01,0
2026-03-26,2026-03-31,004430,0.7352,0,-0.01,0
2026-03-26,2026-03-31,004490,0.7274,0,-0.01,0
2026-03-26,2026-03-31,051630,0.7218,0,-0.026549,0
2026-03-26,2026-03-31,035720,0.716,0,-0.01,0
2026-03-26,2026-03-31,036460,0.7044,0,-0.029167,0
2026-03-26,2026-03-31,004830,0.703,0,-0.01,0
2026-03-26,2026-03-31,004250,0.6913,0,-0.01,0
2026-03-26,2026-03-31,000640,0.686,0,-0.01,0
2026-03-26,2026-03-31,012610,0.6846,0,-0.0225,0
2026-03-26,2026-03-31,014160,0.6763,0,-0.176011,0
2026-03-26,2026-03-31,001680,0.6715,0,-0.033981,0
2026-03-26,2026-03-31,014580,0.6658,0,-0.039387,0
2026-03-26,2026-03-31,011390,0.664,0,-0.01,0
2026-03-26,2026-03-31,055490,0.6639,1,0.021122,1
2026-03-26,2026-03-31,009200,0.6622,0,-0.065421,0
2026-03-26,2026-03-31,004080,0.6618,1,0.01,1
2026-03-26,2026-03-31,012690,0.6608,1,0.061466,1
2026-03-26,2026-03-31,015890,0.6608,0,-0.01,0
2026-03-26,2026-03-31,005180,0.6588,0,-0.036885,0
2026-03-26,2026-03-31,035250,0.6586,0,-0.01,0
2026-03-26,2026-03-31,003920,0.6539,0,-0.015873,0
2026-03-26,2026-03-31,002220,0.6415,1,0.01,1
2026-03-26,2026-03-31,023000,0.6405,0,-0.025424,0
2026-03-26,2026-03-31,012330,0.6388,0,-0.051443,0
2026-03-26,2026-03-31,009540,0.6365,0,-0.082667,0
2026-03-26,2026-03-31,014830,0.6301,0,-0.01,0
2026-03-26,2026-03-31,053210,0.6232,0,-0.01,0
2026-03-26,2026-03-31,002320,0.618,0,-0.034021,0
2026-03-26,2026-03-31,047400,0.6077,0,-0.053092,0
2026-03-26,2026-03-31,008260,0.606,0,-0.045833,0
2026-03-26,2026-03-31,016880,0.6019,0,-0.01,0
2026-03-26,2026-03-31,011280,0.6007,0,-0.01,0
2026-03-26,2026-03-31,000320,0.5998,0,-0.087444,0
2026-03-26,2026-03-31,000480,0.5993,0,-0.01,0
2026-03-26,2026-03-31,008490,0.598,0,-0.068182,0
2026-03-26,2026-03-31,007110,0.5973,0,-0.01,0
2026-03-26,2026-03-31,000910,0.5954,0,-0.032258,0
2026-03-26,2026-03-31,004920,0.5894,0,-0.01,0
2026-03-26,2026-03-31,009460,0.5889,1,0.01,1
2026-03-26,2026-03-31,018260,0.5877,0,-0.01,0
2026-03-26,2026-03-31,007700,0.587,0,-0.01,0
2026-03-26,2026-03-31,017800,0.5838,0,-0.01,0
2026-03-26,2026-03-31,001520,0.5829,0,-0.076355,0
2026-03-26,2026-03-31,013000,0.5814,0,-0.195535,0
2026-03-26,2026-03-31,002420,0.579,0,-0.01,0
2026-03-26,2026-03-31,004980,0.5739,0,-0.076525,0
2026-03-26,2026-03-31,037560,0.5736,0,-0.01,0
2026-03-26,2026-03-31,016710,0.5729,0,-0.01,0
2026-03-26,2026-03-31,024890,0.5725,0,-0.01,0
2026-03-26,2026-03-31,000520,0.5718,0,-0.103314,0
2026-03-26,2026-03-31,036530,0.5705,0,-0.07619,0
2026-03-26,2026-03-31,011790,0.569,0,-0.01,0
2026-03-26,2026-03-31,006650,0.5673,0,-0.056604,0
2026-03-26,2026-03-31,005950,0.5661,0,-0.022843,0
2026-03-26,2026-03-31,005250,0.5626,0,-0.05461,0
2026-03-26,2026-03-31,009070,0.5623,0,-0.042017,0
2026-03-26,2026-03-31,041650,0.5609,0,-0.01,0
2026-03-26,2026-03-31,033530,0.5597,0,-0.01,0
2026-03-26,2026-03-31,023800,0.5587,0,-0.01,0
2026-03-26,2026-03-31,011760,0.5579,0,-0.01,0
2026-03-26,2026-03-31,014280,0.5576,0,-0.01,0
2026-03-26,2026-03-31,000860,0.5546,0,-0.01,0
2026-03-26,2026-03-31,006220,0.5537,0,-0.01,0
2026-03-26,2026-03-31,003480,0.5528,0,-0.095618,0
2026-03-26,2026-03-31,018500,0.5509,0,-0.01,0
2026-03-26,2026-03-31,002690,0.5504,0,-0.01,0
